Scheduled_Departure,Departure_Time,Dep_Delay
600,554,-6
600,554,-6
600,601,1
600,556,-4
600,552,-8
600,555,-5
600,556,-4
600,556,-4
600,555,-5
600,549,-11
600,553,-7
600,640,40
600,600,0
600,555,-5
600,555,-5
600,556,-4
600,551,-9
600,745,105
600,553,-7
600,621,21
600,553,-7
600,549,-11
600,557,-3
600,648,48
830,846,16
830,831,1
830,830,0
830,827,-3
830,914,44
830,824,-6
830,828,-2
830,823,-7
830,827,-3
830,831,1
830,825,-5
830,823,-7
830,831,1
830,836,6
830,829,-1
830,830,0
830,831,1
830,827,-3
830,824,-6
830,1036,126
830,828,-2
830,832,2
830,859,29
830,822,-8
830,822,-8
830,834,4
830,826,-4
830,824,-6
830,913,43
830,959,89
900,1242,222
900,857,-3
900,857,-3
900,859,-1
900,940,40
900,857,-3
900,1054,114
900,906,6
900,857,-3
900,852,-8
900,857,-3
900,854,-6
900,854,-6
900,910,10
900,858,-2
900,855,-5
900,853,-7
900,913,13
900,857,-3
900,856,-4
900,903,3
900,900,0
900,851,-9
900,853,-7
900,856,-4
900,901,1
900,1119,139
900,907,7
900,916,16
900,856,-4
1245,1241,-4
1245,1242,-3
1245,1245,0
1245,1243,-2
1245,1242,-3
1245,1249,4
1245,1243,-2
1245,1254,9
1245,1242,-3
1245,1240,-5
1245,1241,-4
1245,1237,-8
1245,1329,44
1245,1243,-2
1245,1529,164
1245,1242,-3
1245,1421,96
1245,1900,375
1245,1242,-3
1245,1514,149
1245,1241,-4
1245,1242,-3
1245,1241,-4
1245,1239,-6
1245,1241,-4
1245,1247,2
1245,1301,16
1245,1354,69
1245,1240,-5
1245,1559,194
1130,1410,160
1130,1153,23
1130,1139,9
1130,1151,21
1130,1134,4
1130,1128,-2
1130,1231,61
1130,1207,37
1130,1123,-7
1130,1147,17
1130,1339,129
1130,1632,302
1130,1129,-1
1130,1141,11
1130,1212,42
1130,1127,-3
1130,1126,-4
1130,1156,26
1130,1246,76
1130,1130,0
1130,1235,65
1130,1137,7
1130,1127,-3
1130,1132,2
1130,1252,82
1130,1437,187
1110,1108,-2
1110,1109,-1
1110,1325,135
1110,1255,105
1110,1156,46
1110,1105,-5
1110,1130,20
1110,1108,-2
1110,1354,164
1110,1116,6
1110,1109,-1
1110,1111,1
1110,1103,-7
1110,1110,0
1110,1715,365
1110,1141,31
1110,1133,23
1110,1114,4
1110,1304,114
1110,1239,89
1110,1108,-2
1110,1253,103
1110,1405,175
1110,1107,-3
1110,1336,146
1110,1104,-6
1110,1103,-7
1110,1112,2
1110,1108,-2
1110,1555,285
1110,1154,44
905,905,0
905,903,-2
905,903,-2
905,948,43
905,1146,161
905,908,3
905,904,-1
905,1023,78
905,859,-6
905,859,-6
905,921,16
905,906,1
905,857,-8
905,902,-3
905,1043,98
905,858,-7
905,912,7
905,937,32
905,1033,88
905,858,-7
905,909,4
905,901,-4
905,858,-7
905,1022,77
905,957,52
905,954,49
905,911,6
905,858,-7
905,905,0
905,905,0
905,1037,92
700,658,-2
700,818,78
700,655,-5
700,654,-6
700,654,-6
700,653,-7
700,701,1
700,700,0
700,659,-1
700,655,-5
700,657,-3
700,657,-3
700,659,-1
700,704,4
700,656,-4
700,655,-5
700,655,-5
700,656,-4
700,656,-4
700,649,-11
700,655,-5
700,707,7
700,655,-5
700,654,-6
700,655,-5
700,659,-1
700,652,-8
700,652,-8
700,653,-7
700,716,16
2115,2111,-4
2115,2118,3
2115,2112,-3
2115,2111,-4
2115,2118,3
2115,2119,4
2115,2114,-1
2115,2115,0
2115,2115,0
2115,2136,21
2115,2130,15
2115,2253,98
2115,2133,18
2115,2119,4
2115,2229,74
2115,2119,4
2115,2205,50
2115,2141,26
2115,2111,-4
2115,2108,-7
2115,2126,11
2115,2112,-3
2115,2108,-7
2115,2107,-8
2115,2115,0
2115,2300,105
2115,2122,7
2115,2357,162
2115,2220,65
1115,1214,59
1110,1122,12
1110,1110,0
1115,1136,21
1110,1141,31
1110,1127,17
1110,1230,80
1115,1116,1
1110,1106,-4
1110,1107,-3
1110,1112,2
1115,1109,-6
1110,1306,116
1110,1107,-3
1110,2025,555
1115,1112,-3
1110,1323,133
600,552,-8
600,1200,360
600,907,187
600,602,2
815,809,-6
815,813,-2
815,920,65
815,811,-4
815,811,-4
815,810,-5
815,851,36
815,822,7
815,810,-5
815,843,28
815,808,-7
815,834,19
815,822,7
815,812,-3
815,809,-6
815,814,-1
815,814,-1
815,811,-4
815,814,-1
815,839,24
815,808,-7
815,816,1
815,809,-6
815,821,6
815,851,36
815,815,0
1230,1440,130
1230,1227,-3
1230,1322,52
1230,1225,-5
1230,1400,90
1230,1242,12
1230,1222,-8
1230,1437,127
1230,1225,-5
1230,1222,-8
1230,1359,89
1230,1244,14
1230,1224,-6
1230,1238,8
1230,1329,59
1230,1227,-3
1230,1229,-1
1230,1544,194
2300,2300,0
2300,2253,-7
2300,2253,-7
2300,2300,0
2300,13,73
2300,834,574
2300,2338,38
2300,2254,-6
2300,2254,-6
2300,2254,-6
2300,2311,11
2300,4,64
2300,2254,-6
1130,1127,-3
1130,1128,-2
1130,1128,-2
1130,1125,-5
1130,1122,-8
1130,1126,-4
1130,1128,-2
1130,1119,-11
1130,1125,-5
1130,1126,-4
1130,1126,-4
1130,1124,-6
1130,1124,-6
1130,1123,-7
1130,1124,-6
1130,1127,-3
1130,1406,156
1130,1128,-2
1130,1124,-6
1130,1128,-2
1130,1125,-5
1130,1127,-3
1130,1127,-3
1130,1126,-4
1130,1124,-6
1130,1122,-8
1130,1125,-5
1130,1127,-3
1130,1132,2
1130,1509,219
1130,1127,-3
1500,1533,33
1500,1500,0
1500,1453,-7
1500,1456,-4
1500,1458,-2
1500,1452,-8
1500,1512,12
1500,1502,2
1500,1455,-5
1500,1455,-5
1500,1459,-1
1500,1507,7
1500,1500,0
1500,1505,5
1500,1518,18
1500,1453,-7
1500,1531,31
1500,1513,13
1500,1506,6
1500,1455,-5
1500,1546,46
1500,1500,0
1500,1454,-6
1500,1530,30
1500,1527,27
1500,1459,-1
1500,1449,-11
1500,1516,16
1500,1453,-7
1500,1458,-2
1500,1627,87
1900,2020,80
1900,1901,1
1900,1858,-2
1900,1859,-1
1900,1856,-4
1900,1857,-3
1900,1917,17
1900,1905,5
1900,1957,57
1900,1855,-5
1900,1856,-4
1900,1900,0
1900,1910,10
1900,1900,0
1900,1912,12
1900,1909,9
1900,1934,34
1900,1915,15
1900,1855,-5
1900,1909,9
1900,1909,9
1900,1856,-4
1900,1859,-1
1900,2146,166
1900,1857,-3
1900,1900,0
1900,1927,27
1900,1900,0
1900,1938,38
1900,1922,22
1530,1611,41
1530,1735,125
1530,1548,18
1530,1525,-5
1530,1530,0
1530,1529,-1
1530,1539,9
1530,1528,-2
1530,1531,1
1530,1524,-6
1530,1524,-6
1530,1526,-4
1530,1526,-4
1530,1530,0
1530,1529,-1
1530,1526,-4
1530,1745,135
1530,1546,16
1530,1526,-4
1530,1533,3
1530,1557,27
1530,1526,-4
1530,1524,-6
1530,1528,-2
1530,1539,9
1530,1527,-3
1530,1534,4
1530,1718,108
1530,1541,11
1530,2006,276
1530,1614,44
2230,241,251
2230,2228,-2
2230,2230,0
2230,2226,-4
2230,2230,0
2230,101,151
2230,2224,-6
2230,2229,-1
2230,2229,-1
2230,2301,31
2230,2334,64
2230,2228,-2
2230,2239,9
2230,2321,51
2230,2231,1
2230,2225,-5
2230,3,93
2230,2232,2
2230,2344,74
2230,3,93
2230,2248,18
2230,2350,80
2230,37,127
2230,2308,38
2230,13,103
1645,1642,-3
1825,1823,-2
1705,1659,-6
1705,1744,39
1705,1700,-5
1705,1820,75
1705,1659,-6
1705,1702,-3
1825,1823,-2
1705,1705,0
1705,1700,-5
1705,1701,-4
1705,2201,296
1705,1659,-6
1705,1715,10
1825,1902,37
1705,1806,61
1705,1707,2
1705,1700,-5
1705,1701,-4
1705,1713,8
1705,1711,6
1825,1940,75
1705,1704,-1
1705,1846,101
1705,1709,4
1705,1702,-3
1705,1751,46
1705,1703,-2
1825,1851,26
1705,1704,-1
2245,2312,27
2245,2241,-4
2245,2257,12
2245,2243,-2
2245,2244,-1
2245,2302,17
2245,2310,25
2245,2252,7
2245,2239,-6
2245,2300,15
2245,2244,-1
2245,2248,3
2245,2326,41
2245,2305,20
2245,2318,33
2245,2243,-2
2245,2257,12
2245,2322,37
2245,2242,-3
2245,4,79
2245,2300,15
2245,2240,-5
2245,2244,-1
2245,18,93
2245,2345,60
2245,2244,-1
2245,32,107
2245,2244,-1
2245,11,86
2245,1743,1138
2355,2355,0
2350,2346,-4
2350,2345,-5
2350,2348,-2
2350,59,69
2350,35,45
2350,9,19
2350,2348,-2
2350,45,55
2350,2345,-5
2350,2353,3
2350,2348,-2
2350,207,137
2350,2350,0
2350,10,20
2350,2346,-4
2350,6,16
2350,2350,0
2350,122,92
2350,2344,-6
2350,2352,2
2350,125,95
2350,2353,3
2350,42,52
828,826,-2
828,829,1
828,823,-5
828,848,20
828,853,25
828,831,3
828,826,-2
828,827,-1
828,842,14
828,835,7
828,823,-5
828,826,-2
828,826,-2
828,828,0
828,825,-3
828,827,-1
828,820,-8
828,833,5
828,840,12
828,824,-4
828,825,-3
828,926,58
828,824,-4
828,821,-7
828,823,-5
828,819,-9
828,834,6
828,826,-2
828,823,-5
828,824,-4
828,828,0
1430,1600,90
1430,1426,-4
1430,1433,3
1430,1424,-6
1430,1440,10
1430,1424,-6
1430,1428,-2
1430,1455,25
1430,1441,11
1430,1426,-4
1430,1424,-6
1430,1427,-3
1430,1426,-4
1430,1430,0
1430,1437,7
1430,1429,-1
1430,1448,18
1430,1500,30
1430,1423,-7
1430,1553,83
1430,1425,-5
1430,1423,-7
1430,1425,-5
1430,1558,88
1430,1439,9
1430,1428,-2
1430,1518,48
1430,1428,-2
1430,1527,57
1430,1453,23
700,655,-5
700,713,13
700,704,4
700,704,4
700,654,-6
700,656,-4
700,659,-1
700,652,-8
700,657,-3
700,655,-5
700,718,18
700,706,6
700,718,18
700,656,-4
700,717,17
700,658,-2
700,655,-5
700,734,34
700,722,22
700,657,-3
700,656,-4
700,658,-2
700,658,-2
700,651,-9
700,720,20
800,755,-5
800,800,0
800,755,-5
800,756,-4
1245,1405,80
1245,1241,-4
1245,1242,-3
1245,1329,44
1245,1325,40
1245,1252,7
1245,1245,0
1245,1251,6
1245,1339,54
1245,1411,86
1245,1241,-4
1245,1244,-1
1245,1247,2
1245,1326,41
1245,1241,-4
1245,1237,-8
1245,1413,88
1245,1257,12
1245,1312,27
1245,1236,-9
1245,1504,139
1245,1304,19
1245,1247,2
1245,1451,126
1245,1243,-2
1245,1427,102
1245,1455,130
500,457,-3
500,455,-5
500,456,-4
500,532,32
500,452,-8
500,457,-3
500,451,-9
500,457,-3
500,458,-2
500,448,-12
500,454,-6
500,451,-9
500,457,-3
500,501,1
500,456,-4
500,456,-4
500,512,12
500,458,-2
500,456,-4
500,459,-1
500,503,3
500,508,8
500,500,0
500,453,-7
500,457,-3
500,457,-3
500,520,20
500,459,-1
500,817,197
800,755,-5
800,757,-3
800,803,3
800,800,0
800,816,16
800,752,-8
800,847,47
800,757,-3
800,754,-6
800,754,-6
800,832,32
800,756,-4
800,751,-9
800,751,-9
800,757,-3
800,758,-2
800,758,-2
800,755,-5
800,756,-4
800,815,15
800,752,-8
800,755,-5
800,831,31
800,756,-4
800,913,73
800,806,6
800,754,-6
800,801,1
800,758,-2
800,756,-4
800,842,42
1700,1656,-4
1700,1719,19
1700,1746,46
1700,1658,-2
1700,1811,71
1700,1947,167
1700,1708,8
1700,1701,1
1700,1733,33
1700,1657,-3
1700,1703,3
1700,1701,1
1700,1655,-5
1700,1720,20
1700,1720,20
1700,1706,6
1700,1729,29
1700,1658,-2
1700,1658,-2
1700,1703,3
1700,1740,40
1700,1700,0
1700,1703,3
1700,1702,2
1700,1724,24
1700,1656,-4
1700,1707,7
1700,1937,157
1700,1706,6
1700,1703,3
1700,1719,19
1515,1558,43
1515,1512,-3
1515,1508,-7
1515,1509,-6
1515,1600,45
1515,1513,-2
1515,1509,-6
1515,1622,67
1515,1513,-2
1515,1510,-5
1515,1507,-8
1515,1509,-6
1515,1512,-3
1515,1520,5
1515,1523,8
1515,1510,-5
1515,1516,1
1515,1505,-10
1515,1509,-6
1515,1509,-6
1515,1530,15
1515,1534,19
1515,1515,0
1515,1509,-6
1515,1508,-7
1515,1509,-6
1515,1511,-4
1515,1512,-3
1515,1548,33
1515,1510,-5
1515,1328,1333
1440,1434,-6
1440,1445,5
1440,1443,3
1440,1444,4
1440,1440,0
1440,1441,1
1435,1522,47
1440,1437,-3
1440,1439,-1
1440,1436,-4
1440,1440,0
1440,1441,1
1440,1437,-3
1435,1430,-5
1440,1437,-3
1440,1435,-5
1440,1452,12
1440,1552,72
1440,1447,7
1440,1441,1
1435,1433,-2
1440,1446,6
1440,1441,1
1440,1432,-8
1440,1436,-4
1440,1503,23
1440,1502,22
1435,1442,7
1440,1441,1
710,709,-1
710,706,-4
710,707,-3
1200,1200,0
1530,1611,41
1530,1527,-3
1530,1539,9
1530,1524,-6
1530,1530,0
1530,1530,0
1530,1524,-6
1530,1525,-5
1530,1531,1
1530,1537,7
1530,1535,5
1530,1701,91
1530,1543,13
1530,1523,-7
1530,1531,1
1530,1808,158
1530,1933,243
1530,1530,0
1530,1608,38
1530,1546,16
1530,1542,12
1530,1533,3
1530,1533,3
1530,1531,1
1530,1546,16
1530,1528,-2
1530,1531,1
1530,1539,9
1530,1615,45
1530,1651,81
700,658,-2
700,658,-2
700,708,8
700,656,-4
700,654,-6
700,659,-1
700,702,2
700,653,-7
700,657,-3
700,659,-1
700,653,-7
700,651,-9
700,652,-8
700,655,-5
700,655,-5
700,654,-6
700,705,5
700,657,-3
700,659,-1
700,657,-3
700,655,-5
700,656,-4
700,656,-4
700,649,-11
700,653,-7
700,654,-6
700,655,-5
700,653,-7
700,701,1
700,716,16
1105,1106,1
1105,1138,33
1105,1219,74
1105,1138,33
1110,1254,104
1110,1111,1
1110,1104,-6
1110,1105,-5
1110,1136,26
1110,1101,-9
1110,1106,-4
1110,1201,51
1110,1100,-10
1110,1107,-3
1110,1128,18
1110,1109,-1
1110,1109,-1
1110,1108,-2
1110,1252,102
1110,1110,0
1110,1104,-6
1110,1107,-3
1110,1108,-2
1110,1158,48
1110,1217,67
1110,1128,18
1110,1106,-4
1110,1107,-3
1110,1115,5
1110,1117,7
1110,1127,17
905,931,26
905,903,-2
905,906,1
905,1203,178
905,922,17
905,1025,80
905,903,-2
905,909,4
905,1017,72
905,857,-8
905,859,-6
905,859,-6
905,903,-2
905,914,9
905,1037,92
905,1003,58
905,857,-8
905,935,30
905,856,-9
905,915,10
905,904,-1
905,857,-8
905,1015,70
905,914,9
905,901,-4
905,905,0
905,911,6
905,857,-8
905,930,25
905,904,-1
905,937,32
750,910,80
750,748,-2
750,750,0
750,744,-6
750,835,45
750,745,-5
750,751,1
750,746,-4
750,745,-5
750,741,-9
750,748,-2
750,749,-1
750,745,-5
750,747,-3
750,752,2
750,751,1
750,816,26
750,747,-3
750,757,7
750,750,0
750,747,-3
750,747,-3
750,743,-7
750,748,-2
750,748,-2
750,750,0
750,745,-5
750,752,2
750,746,-4
750,747,-3
750,758,8
809,803,-6
715,710,-5
715,723,8
715,714,-1
809,807,-2
809,806,-3
809,808,-1
809,812,3
809,805,-4
809,819,10
809,800,-9
809,851,42
809,802,-7
809,802,-7
809,804,-5
809,854,45
809,804,-5
809,806,-3
809,806,-3
809,839,30
809,803,-6
809,803,-6
809,802,-7
809,809,0
809,803,-6
809,951,102
809,807,-2
809,809,0
809,806,-3
809,805,-4
809,811,2
2020,2024,4
2020,2020,0
2020,2021,1
2020,2035,15
2020,2102,42
2020,2106,46
2020,2137,77
2020,2050,30
2020,2110,50
2020,2017,-3
2020,2015,-5
2020,2016,-4
2020,2016,-4
2020,2021,1
2020,2247,147
2020,2020,0
2020,2016,-4
2020,2132,72
2020,2032,12
2020,2219,119
2020,2025,5
2020,2023,3
2020,2018,-2
2020,2016,-4
2020,2152,92
2020,2112,52
2020,2156,96
2020,2113,53
2020,2131,71
2020,2115,55
2020,2025,5
950,945,-5
950,948,-2
950,950,0
950,1001,11
950,1013,23
950,950,0
950,944,-6
950,945,-5
950,944,-6
950,1040,50
950,949,-1
950,940,-10
950,948,-2
950,949,-1
950,941,-9
950,949,-1
950,945,-5
950,949,-1
950,946,-4
950,944,-6
950,947,-3
950,946,-4
950,952,2
950,948,-2
950,1145,115
950,947,-3
950,954,4
950,951,1
950,947,-3
950,940,-10
950,949,-1
1215,1255,40
1215,1214,-1
1215,1208,-7
1215,1223,8
1210,1243,33
1210,1213,3
1210,1422,132
1210,1209,-1
1206,1202,-4
1210,1212,2
1210,1206,-4
1210,1212,2
1210,1206,-4
1210,1213,3
1206,1213,7
1210,1350,100
1210,1207,-3
1210,1210,0
1210,1229,19
1210,1419,129
1210,1239,29
1206,1202,-4
1210,1207,-3
1210,1210,0
1210,1224,14
1210,1251,41
1210,1210,0
1210,1237,27
1206,1206,0
1210,1501,171
1705,1009,1024
1705,1712,7
1705,1729,24
1705,1714,9
1705,1700,-5
1705,1702,-3
1705,1705,0
1705,2027,202
1705,1701,-4
1705,1703,-2
1705,1740,35
1705,1713,8
1705,1728,23
1705,1704,-1
1705,1702,-3
1705,1729,24
1705,2132,267
1705,1822,77
1705,1726,21
1705,1733,28
1705,1717,12
1705,1713,8
1705,1935,150
1705,2106,241
1705,1729,24
1705,1742,37
1705,2003,178
1705,1835,90
1705,1834,89
1827,2054,147
1827,1836,9
1827,1841,14
1827,1823,-4
1827,1846,19
1827,1837,10
1827,2147,200
1827,1832,5
1827,1825,-2
1827,1822,-5
1827,1828,1
1827,1942,75
1827,1955,88
1827,1913,46
1827,1825,-2
1827,1826,-1
1827,1938,71
1827,2046,139
1827,1829,2
1827,1839,12
1827,1826,-1
1827,1829,2
1827,1828,1
1827,1826,-1
1827,1900,33
1827,2055,148
1827,1900,33
1827,2214,227
1827,1942,75
1645,1654,9
1645,1640,-5
1645,1642,-3
1645,1639,-6
1645,1643,-2
1645,1650,5
1645,1644,-1
1700,1657,-3
1645,1639,-6
1645,1749,64
1645,1643,-2
1645,1642,-3
1645,1715,30
1645,1649,4
1700,1810,70
1645,1642,-3
1645,1753,68
1645,1646,1
1645,1645,0
1645,1641,-4
1645,1648,3
1700,1709,9
1645,1643,-2
1645,1957,192
1645,1640,-5
1645,1640,-5
1645,1953,188
1645,1643,-2
1700,1803,63
1645,1808,83
750,750,0
750,747,-3
750,749,-1
750,744,-6
750,755,5
750,746,-4
750,751,1
750,753,3
750,748,-2
750,745,-5
750,745,-5
750,750,0
750,744,-6
750,746,-4
750,750,0
750,747,-3
750,749,-1
750,745,-5
750,750,0
750,810,20
750,742,-8
750,747,-3
750,801,11
750,750,0
750,750,0
750,749,-1
750,749,-1
750,815,25
750,747,-3
750,748,-2
750,818,28
1842,1846,4
1842,1846,4
1842,1846,4
1842,1932,50
1842,1939,57
1842,1903,21
1842,1910,28
1842,1842,0
1842,1937,55
1842,1852,10
1842,2019,97
1842,1838,-4
1842,1837,-5
1842,1850,8
1842,1849,7
1842,1845,3
1842,1927,45
1842,1856,14
1842,1839,-3
1842,1841,-1
1842,1951,69
1842,1842,0
1842,1857,15
1842,1835,-7
1842,1841,-1
1842,2005,83
1810,1814,4
1810,1813,3
1810,1937,87
1810,1948,98
815,810,-5
815,813,-2
815,813,-2
815,808,-7
815,811,-4
815,808,-7
815,812,-3
815,812,-3
815,811,-4
815,807,-8
815,809,-6
815,809,-6
815,814,-1
815,812,-3
815,813,-2
815,821,6
815,812,-3
815,810,-5
815,809,-6
815,811,-4
815,807,-8
815,812,-3
815,811,-4
815,808,-7
815,809,-6
815,813,-2
815,810,-5
815,813,-2
815,810,-5
815,811,-4
815,815,0
1908,1958,50
1908,1915,7
1908,1943,35
1908,1904,-4
1908,1933,25
1908,1916,8
1908,1928,20
1908,2013,65
1908,1922,14
1700,1703,3
1700,1740,40
1700,1709,9
1700,1725,25
1700,1756,56
1700,1654,-6
1700,1654,-6
1700,1752,52
1700,1739,39
1700,1731,31
1700,1746,46
1700,1817,77
1700,1655,-5
1700,1754,54
1700,1756,56
1700,1658,-2
1700,1653,-7
1700,1653,-7
1700,1719,19
1700,1733,33
1700,1725,25
1700,1657,-3
1700,1659,-1
1747,1745,-2
1700,1850,110
1700,1730,30
1700,2133,273
1700,1730,30
1700,1830,90
1700,1726,26
1700,1759,59
1335,1356,21
1335,1326,-9
1335,1356,21
1335,1329,-6
1335,1335,0
1335,1327,-8
1335,1345,10
1335,1335,0
1335,1334,-1
1335,1331,-4
1335,1330,-5
1335,1329,-6
1335,1329,-6
1335,1335,0
1335,1330,-5
1335,1329,-6
1335,1334,-1
1335,1333,-2
1335,1327,-8
1335,1343,8
1335,1332,-3
1335,1332,-3
1335,1336,1
1335,1329,-6
1335,1335,0
1335,1332,-3
1335,1326,-9
1335,1335,0
1335,1334,-1
1335,1330,-5
1335,1346,11
2210,2207,-3
2210,2207,-3
2210,2205,-5
2210,2207,-3
2210,2209,-1
2210,2218,8
2210,2228,18
2210,2225,15
2210,2306,56
2210,2245,35
2210,2208,-2
2210,2203,-7
2210,2208,-2
2210,2209,-1
2210,2,112
2210,2210,0
2210,2204,-6
2210,2222,12
2210,2211,1
2210,2205,-5
2210,2215,5
2210,2214,4
2210,2204,-6
2210,2210,0
2210,2330,80
2210,2231,21
2210,14,124
2210,2227,17
2210,2236,26
2210,723,553
1815,1820,5
1815,1847,32
1815,1816,1
1815,1813,-2
1820,1813,-7
1820,1918,58
1820,1829,9
1820,1833,13
1820,1926,66
1820,1942,82
1820,1837,17
1820,1816,-4
1820,1820,0
1820,1853,33
1820,1940,80
1820,1822,2
1820,1829,9
1820,1818,-2
1820,1814,-6
1820,1819,-1
1820,1249,1109
1820,1855,35
1820,1833,13
1820,2047,147
1820,1851,31
1820,1951,91
1820,1856,36
1820,1930,70
1820,1817,-3
1820,1956,96
1859,1902,3
1859,1932,33
1859,1853,-6
1859,1917,18
1905,2008,63
1905,1906,1
1905,1936,31
1905,2152,167
1905,2127,142
1905,1910,5
1905,1902,-3
1905,1910,5
1905,1956,51
1905,1953,48
1905,1937,32
1905,1903,-2
1905,1915,10
1905,2321,256
1905,1918,13
1905,1928,23
1905,1901,-4
1905,1902,-3
1905,1904,-1
1905,1905,0
1905,2158,173
1905,1916,11
1905,2129,144
1905,1924,19
1905,1901,-4
1905,1911,6
1905,2008,63
800,755,-5
800,758,-2
800,753,-7
800,757,-3
800,754,-6
800,752,-8
800,754,-6
800,803,3
800,756,-4
800,753,-7
800,756,-4
800,755,-5
800,755,-5
800,754,-6
800,756,-4
800,756,-4
800,753,-7
800,757,-3
800,753,-7
800,759,-1
800,1059,179
800,806,6
800,842,42
800,806,6
800,800,0
800,801,1
1800,1810,10
1800,1753,-7
1800,1917,77
1800,1804,4
1800,1814,14
1800,1829,29
1800,1800,0
1800,1832,32
1800,1758,-2
1800,1917,77
1800,1804,4
1800,1805,5
1800,1758,-2
1800,1900,60
1800,1801,1
1800,1800,0
1800,1946,106
1800,1758,-2
1800,1756,-4
1800,1757,-3
1800,2230,270
1800,1901,61
1800,1838,38
1800,1824,24
1800,1759,-1
1800,1918,78
1800,2100,180
1740,2101,201
1740,1735,-5
1740,1734,-6
1740,1736,-4
1740,1808,28
1740,1738,-2
1740,1103,1043
1740,1941,121
1740,1734,-6
1740,1750,10
1740,1911,91
1740,1804,24
1740,1930,110
1740,1909,89
1740,1752,12
1740,1736,-4
1740,1919,99
1740,1822,42
1740,1948,128
1740,1733,-7
1740,1745,5
1740,1734,-6
1740,1737,-3
1740,1918,98
1740,1744,4
1740,846,906
2000,1956,-4
2000,1956,-4
2000,2054,54
2000,1956,-4
2000,2009,9
2000,2200,120
2000,1954,-6
2000,1955,-5
2000,1952,-8
2000,2013,13
2000,2205,125
2000,2141,101
2000,1956,-4
2000,811,731
2000,1959,-1
2000,1956,-4
2000,159,359
2000,2241,161
2000,2012,12
2000,1958,-2
2000,2055,55
2000,2138,98
2000,2000,0
2000,2037,37
2020,2017,-3
2020,2018,-2
2020,2014,-6
2020,2018,-2
2020,2117,57
2020,2014,-6
2020,2038,18
2020,2107,47
2020,2155,95
2020,2016,-4
2020,2027,7
2020,2019,-1
2020,2016,-4
2020,2113,53
2020,2044,24
2020,2040,20
2020,2017,-3
2020,2213,113
2020,2134,74
2020,2036,16
2020,2039,19
2020,2025,5
2020,2335,195
2020,2135,75
2020,2117,57
1850,1908,18
1850,1850,0
1850,1929,39
1850,1948,58
1850,1852,2
1850,1848,-2
1850,1849,-1
1850,1846,-4
1850,2012,82
1850,1850,0
1850,1908,18
1850,1847,-3
1850,1857,7
1850,1852,2
1850,1904,14
1850,1905,15
1850,1909,19
1850,1852,2
1850,1930,40
1850,1907,17
1850,1847,-3
1850,1852,2
1850,1848,-2
1850,1844,-6
1850,1948,58
1850,2024,94
1850,2233,223
1850,1905,15
1850,1937,47
1850,2116,146
1850,1951,61
510,506,-4
510,513,3
510,505,-5
510,813,183
2210,2213,3
2210,2207,-3
2210,2218,8
2210,2250,40
2210,2211,1
2210,2218,8
2210,2209,-1
2210,2234,24
2210,2214,4
2210,2301,51
2210,2257,47
2210,2206,-4
2210,2211,1
2210,2214,4
2210,2221,11
2210,2206,-4
2210,2351,101
2210,2210,0
2210,13,123
2210,2231,21
2210,2208,-2
2210,2249,39
2210,2349,99
2210,2318,68
2210,2347,97
1725,1915,110
1725,1723,-2
1725,1732,7
1725,1758,33
1725,1735,10
1725,1723,-2
1725,1757,32
1725,1734,9
1725,1818,53
1725,1726,1
1725,1724,-1
1725,1848,83
1725,1730,5
1725,1748,23
1725,1729,4
1725,1748,23
1725,1753,28
1725,1825,60
1725,1725,0
1725,1723,-2
1725,1721,-4
1725,1755,30
1725,1719,-6
1725,1719,-6
1725,2046,201
1725,1729,4
1725,1721,-4
1725,1956,151
1725,1736,11
1725,1839,74
1725,1846,81
504,459,-5
504,502,-2
504,456,-8
504,500,-4
504,455,-9
504,527,23
504,501,-3
504,519,15
504,500,-4
504,509,5
504,459,-5
504,502,-2
504,505,1
504,456,-8
504,502,-2
504,501,-3
504,457,-7
504,458,-6
504,507,3
504,501,-3
504,611,67
504,458,-6
504,501,-3
504,502,-2
504,507,3
504,458,-6
905,859,-6
905,1018,73
905,858,-7
905,953,48
905,857,-8
905,901,-4
905,903,-2
905,857,-8
905,909,4
905,921,16
905,858,-7
905,856,-9
905,859,-6
905,858,-7
905,1027,82
905,905,0
905,858,-7
905,854,-11
905,910,5
905,859,-6
905,900,-5
905,858,-7
905,903,-2
905,907,2
905,1110,125
905,859,-6
905,914,9
905,900,-5
905,902,-3
905,953,48
905,955,50
714,730,16
714,722,8
714,710,-4
714,709,-5
714,708,-6
714,712,-2
714,707,-7
714,712,-2
714,711,-3
714,709,-5
714,815,61
714,710,-4
714,729,15
714,711,-3
714,714,0
714,712,-2
714,710,-4
714,725,11
714,714,0
714,710,-4
714,711,-3
714,708,-6
714,710,-4
714,710,-4
714,810,56
714,709,-5
714,708,-6
714,713,-1
714,711,-3
714,752,38
1305,1323,18
1305,1306,1
1305,1304,-1
1305,1315,10
1305,1302,-3
1305,1304,-1
1305,1501,116
1305,1303,-2
1305,1307,2
1305,1309,4
1305,1303,-2
1305,1329,24
1305,1736,271
1305,1314,9
1305,1306,1
1305,1343,38
1305,1315,10
1305,1319,14
1305,1258,-7
1305,1306,1
1305,1316,11
1305,1332,27
1305,1309,4
1305,1314,9
1305,1302,-3
1305,1258,-7
1305,1319,14
1305,1344,39
1305,1305,0
1305,1350,45
845,850,5
845,837,-8
845,840,-5
845,900,15
845,842,-3
845,839,-6
845,837,-8
845,836,-9
845,844,-1
845,842,-3
845,841,-4
845,843,-2
845,840,-5
845,844,-1
845,843,-2
845,916,31
845,840,-5
845,839,-6
845,843,-2
845,838,-7
845,847,2
845,841,-4
845,845,0
845,840,-5
845,837,-8
845,845,0
845,921,36
845,841,-4
845,1103,138
1659,2313,374
1700,1700,0
1659,1755,56
1659,1656,-3
1659,1732,33
1659,1733,34
1659,1910,131
1700,1706,6
1659,1657,-2
1659,1659,0
1659,1656,-3
1659,2145,286
1659,1813,74
1659,1714,15
1700,1745,45
1659,1658,-1
1659,1832,93
1659,1655,-4
1659,1655,-4
1659,1756,57
1659,1725,26
1700,1656,-4
1659,1658,-1
1659,2036,217
1659,1656,-3
1659,1653,-6
1659,1715,16
1659,1739,40
1659,1658,-1
1110,1216,66
1440,1441,1
1110,1110,0
1110,1200,50
1110,1116,6
1110,1109,-1
1110,1110,0
1110,1145,35
1440,1441,1
1110,1103,-7
1110,1114,4
1110,1110,0
1110,1111,1
1110,1106,-4
1110,1257,107
1440,1438,-2
1110,1121,11
1110,1108,-2
1110,1140,30
1110,1108,-2
1110,1105,-5
1110,1115,5
1440,1440,0
1110,1103,-7
1110,1115,5
1110,1139,29
1110,1125,15
1110,1106,-4
1110,1119,9
1440,1437,-3
1110,1112,2
902,1142,160
907,908,1
907,903,-4
902,901,-1
907,901,-6
907,910,3
907,1043,96
907,902,-5
907,908,1
907,902,-5
907,907,0
907,909,2
907,900,-7
907,904,-3
907,907,0
907,907,0
907,902,-5
907,907,0
907,929,22
907,907,0
907,905,-2
907,907,0
907,906,-1
907,859,-8
907,904,-3
907,858,-9
907,947,40
907,901,-6
907,904,-3
907,918,11
1945,1953,8
1945,2036,51
1945,1942,-3
1945,1938,-7
1945,1945,0
1945,1943,-2
1945,1952,7
1945,1949,4
1945,1944,-1
1945,2324,219
1945,1952,7
1945,1944,-1
1945,1940,-5
1945,1944,-1
1945,2035,50
1945,1943,-2
1945,2015,30
1945,1944,-1
1945,2138,113
1945,2238,173
1945,50,305
1945,1955,10
1945,1944,-1
1945,1948,3
1945,2139,114
1945,2002,17
1945,1949,4
1945,1942,-3
1945,2309,204
1945,1945,0
1945,1943,-2
940,952,12
940,943,3
940,938,-2
940,936,-4
940,1402,262
940,936,-4
940,1051,71
940,938,-2
940,938,-2
940,941,1
940,940,0
940,945,5
940,952,12
940,941,1
940,1153,133
940,1402,262
940,1116,96
940,1001,21
940,937,-3
940,938,-2
940,1023,43
940,941,1
940,948,8
940,939,-1
940,945,5
940,941,1
940,1005,25
940,948,8
940,954,14
940,1024,44
1710,1719,9
1710,1704,-6
1710,1707,-3
1710,1708,-2
1705,1815,70
1705,1722,17
1705,1700,-5
1705,1811,66
1705,1703,-2
1705,1724,19
1705,1823,78
1705,1726,21
1705,1722,17
1705,1710,5
1705,1718,13
1705,1704,-1
1705,1729,24
1705,1707,2
1705,1716,11
1705,1716,11
1705,1703,-2
1705,1721,16
1705,1717,12
1705,1724,19
1705,1734,29
1705,1722,17
1705,1714,9
1705,1735,30
1705,1726,21
1705,1900,115
1705,1736,31
1440,1436,-4
1440,1439,-1
1151,1211,20
1151,1151,0
1151,1140,-11
1151,1142,-9
1151,1154,3
1151,1156,5
1151,1158,7
1151,1148,-3
1151,1219,28
1151,1148,-3
1151,1220,29
1151,1144,-7
1151,1149,-2
1151,1223,32
1151,1156,5
1151,1148,-3
1151,1159,8
1151,1154,3
1151,1146,-5
1151,1253,62
1151,1235,44
1151,1151,0
1151,1158,7
1151,1148,-3
1151,1147,-4
1151,1148,-3
1151,1158,7
1151,1352,121
1151,1154,3
1151,1222,31
1151,1334,103
2130,2143,13
2130,2128,-2
2130,2130,0
2130,2123,-7
2130,2129,-1
2130,2127,-3
2130,2124,-6
2130,2149,19
2130,2244,74
2130,2134,4
2130,2128,-2
2130,2126,-4
2130,2130,0
2130,2311,101
2130,2124,-6
2130,2129,-1
2130,2134,4
2130,2124,-6
2130,2126,-4
2130,2129,-1
2130,2126,-4
2130,2126,-4
2130,2131,1
2130,2215,45
2130,2125,-5
2130,2126,-4
2130,2125,-5
2130,2131,1
2130,2136,6
2130,2128,-2
1552,1636,44
1552,1549,-3
1552,1549,-3
1552,1609,17
1552,1542,-10
1552,1545,-7
1552,1553,1
1552,1546,-6
1552,1633,41
1552,1548,-4
1552,1600,8
1552,1556,4
1552,1554,2
1552,1547,-5
1552,1623,31
1552,1547,-5
1552,1554,2
1552,1659,67
1552,1551,-1
1552,1557,5
1552,1632,40
1552,1658,66
1552,1700,68
1552,1837,165
1552,2002,250
1552,1550,-2
1205,1205,0
1205,1200,-5
1205,1159,-6
1205,1204,-1
1205,1209,4
1315,1307,-8
1315,1309,-6
1315,1315,0
1315,1310,-5
1315,1312,-3
1315,1315,0
1315,1318,3
1315,1344,29
1315,1307,-8
1315,1311,-4
1315,1312,-3
1315,1535,140
1315,1407,52
1315,1330,15
1315,1309,-6
1315,1313,-2
1315,1510,115
1315,1316,1
1315,1321,6
1315,1410,55
1315,1306,-9
1315,1320,5
1315,1314,-1
1315,1324,9
1315,1344,29
1315,1306,-9
1315,1308,-7
1315,1309,-6
1315,1310,-5
1315,1745,270
1530,1528,-2
1530,1527,-3
1530,1527,-3
1530,1525,-5
1530,1631,61
1530,1527,-3
1530,1522,-8
1530,1536,6
1530,1642,72
1530,1531,1
1530,1554,24
1530,1701,91
1530,1524,-6
1530,1609,39
1530,1658,88
1530,1527,-3
1530,1527,-3
1530,1531,1
1530,1627,57
1530,1729,119
1530,1527,-3
1530,1525,-5
1530,1527,-3
1530,1524,-6
1530,1528,-2
1530,1528,-2
1530,1552,22
1530,1856,206
815,912,57
815,820,5
815,817,2
815,815,0
815,813,-2
815,950,95
815,817,2
815,809,-6
815,845,30
815,818,3
815,812,-3
815,833,18
815,812,-3
815,823,8
815,812,-3
815,820,5
815,817,2
815,841,26
815,811,-4
815,813,-2
815,815,0
815,811,-4
815,814,-1
815,820,5
815,809,-6
815,755,-20
815,813,-2
815,818,3
815,815,0
815,813,-2
815,823,8
1255,1330,35
1310,1349,39
1310,1413,63
1255,1251,-4
1245,1302,17
1245,1300,15
1245,1252,7
1245,1323,38
1310,1301,-9
1310,1509,119
1245,1244,-1
1245,1249,4
1245,1257,12
1245,1240,-5
1245,1241,-4
1310,1359,49
1310,1306,-4
1245,1246,1
1245,1240,-5
1245,1238,-7
1245,1245,0
1245,1339,54
1310,1345,35
1310,1336,26
1245,1304,19
1245,1344,59
1245,1245,0
1245,1247,2
1245,1249,4
1310,1311,1
1310,1423,73
2125,2125,0
2125,2143,18
2125,2136,11
2200,2317,77
2200,2155,-5
2200,2201,1
1420,1615,115
1420,1418,-2
1420,1418,-2
1420,1415,-5
1420,1436,16
1420,1445,25
1420,1413,-7
1420,1732,192
1420,1409,-11
1420,1418,-2
1420,1414,-6
1420,1417,-3
1420,1437,17
1420,1417,-3
1420,1439,19
1420,1418,-2
1420,1413,-7
1420,1417,-3
1420,1420,0
1420,1413,-7
1420,1417,-3
1420,1416,-4
1420,1417,-3
1420,1421,1
1420,1633,133
1420,1442,22
1420,1549,89
1420,1442,22
1420,1456,36
1420,1423,3
1420,1419,-1
1220,1219,-1
1220,1233,13
1220,1217,-3
1220,1226,6
1220,1255,35
1220,1226,6
1220,1219,-1
1220,1310,50
1220,1229,9
1220,1217,-3
1220,1218,-2
1220,1222,2
1220,1219,-1
1220,1224,4
1220,1232,12
1220,1229,9
1220,1218,-2
1220,1216,-4
1220,1220,0
1220,1221,1
1220,1223,3
1220,1805,345
1220,1219,-1
1220,1432,132
1220,1239,19
1220,1220,0
1220,1217,-3
1220,1232,12
1220,1223,3
1220,1228,8
1220,1221,1
815,810,-5
815,811,-4
815,814,-1
815,909,54
815,821,6
815,810,-5
815,813,-2
815,936,81
815,808,-7
815,807,-8
815,819,4
815,829,14
815,815,0
815,815,0
815,820,5
815,809,-6
815,815,0
815,813,-2
815,812,-3
815,819,4
815,814,-1
815,833,18
815,822,7
815,812,-3
815,816,1
815,815,0
815,810,-5
815,814,-1
815,814,-1
815,813,-2
815,839,24
1715,1939,144
1715,1746,31
1715,1732,17
1715,1831,76
1715,1731,16
1715,1723,8
1715,1710,-5
1715,1737,22
1715,1709,-6
1715,1724,9
1715,1707,-8
1715,1710,-5
1715,1917,122
1715,1719,4
1715,1932,137
1715,1720,5
1715,1815,60
1715,1714,-1
1715,2009,174
1715,1711,-4
1715,1710,-5
1715,1735,20
1715,1739,24
1715,1755,40
1715,1715,0
1715,1727,12
1715,1715,0
1715,1717,2
1715,1710,-5
1715,1719,4
1715,1832,77
800,800,0
800,1252,292
800,752,-8
800,757,-3
800,757,-3
800,755,-5
800,754,-6
754,758,4
800,757,-3
800,828,28
800,757,-3
800,917,77
800,757,-3
800,757,-3
754,747,-7
800,756,-4
800,756,-4
800,758,-2
800,803,3
800,759,-1
754,749,-5
800,759,-1
800,805,5
800,850,50
800,802,2
800,758,-2
800,811,11
754,747,-7
800,801,1
1720,1721,1
1720,1715,-5
1720,1801,41
1720,1715,-5
1720,1717,-3
1720,1719,-1
1720,1727,7
1720,1721,1
1720,1718,-2
1720,1821,61
1720,1717,-3
1720,1736,16
1720,1850,90
1720,1752,32
1720,1756,36
1720,1836,76
1720,1812,52
1720,1718,-2
1720,1722,2
1720,1717,-3
1720,1839,79
1720,1855,95
1720,1718,-2
1720,2035,195
1720,1849,89
1720,1718,-2
1720,1837,77
1720,1731,11
1720,1818,58
1720,1716,-4
1945,2147,122
1944,1949,5
1944,2006,22
1944,2044,60
1944,1945,1
1944,2002,18
1944,1941,-3
1944,1941,-3
1944,2028,44
1944,1954,10
1944,1937,-7
1944,2002,18
1944,2108,84
1944,1938,-6
1944,2145,121
1944,1945,1
1944,2013,29
1944,1939,-5
1944,2222,158
1944,2015,31
1944,1943,-1
1944,1956,12
1944,1951,7
1944,1952,8
1944,1940,-4
1944,1940,-4
1944,1941,-3
1944,1940,-4
1944,1935,-9
1944,1939,-5
1944,2049,65
2356,49,53
2357,4,7
2357,2358,1
2357,1,4
2357,2358,1
2357,2358,1
2357,2,5
2357,41,44
2357,52,55
2357,27,30
2357,2358,1
2357,5,8
2357,17,20
2357,10,13
2357,6,9
2357,2352,-5
2357,15,18
2357,1,4
2357,103,66
2357,9,12
2357,36,39
2357,15,18
2357,13,16
2357,11,14
2357,11,14
2357,2400,3
2357,2355,-2
2357,19,22
2357,18,21
2357,48,51
1822,1909,47
1822,1832,10
1311,1306,-5
1311,1335,24
1311,1436,85
1311,1311,0
1311,1428,77
1311,1420,69
1311,1309,-2
1311,1310,-1
1311,1336,25
1311,1315,4
1311,1310,-1
1311,1323,12
1311,1305,-6
1311,1342,31
1311,1343,32
1311,1310,-1
1311,1308,-3
1311,1306,-5
1311,1417,66
1311,1447,96
1311,1307,-4
1311,1345,34
815,825,10
730,752,22
815,816,1
815,815,0
815,811,-4
815,809,-6
815,808,-7
815,813,-2
730,1010,160
815,910,55
815,819,4
815,813,-2
815,812,-3
815,813,-2
815,922,67
730,731,1
815,808,-7
815,812,-3
815,903,48
815,1033,138
815,810,-5
815,812,-3
730,727,-3
815,813,-2
815,813,-2
815,1006,111
815,810,-5
815,1003,108
815,1001,106
730,730,0
815,811,-4
720,720,0
720,741,21
720,716,-4
720,836,76
720,717,-3
720,721,1
720,718,-2
720,718,-2
720,719,-1
720,723,3
720,719,-1
720,723,3
720,715,-5
720,715,-5
720,720,0
720,715,-5
720,716,-4
720,716,-4
720,714,-6
720,714,-6
720,720,0
720,719,-1
720,714,-6
720,714,-6
720,724,4
720,720,0
720,717,-3
720,724,4
720,716,-4
720,714,-6
720,1202,282
1720,1726,6
1720,1720,0
1720,1813,53
1720,1719,-1
1720,1718,-2
1720,1719,-1
1720,1812,52
1720,1726,6
1720,1714,-6
1720,1716,-4
1720,1730,10
1720,1720,0
1720,1721,1
1720,1715,-5
1720,1716,-4
1720,1718,-2
1720,1709,-11
1720,1716,-4
1720,1726,6
1720,1717,-3
1720,1715,-5
1720,1723,3
1720,1716,-4
1720,1714,-6
1720,1719,-1
1720,1730,10
1720,1812,52
1720,1716,-4
1720,1959,159
1720,1718,-2
1720,1726,6
2120,2222,62
2120,2153,33
2120,2130,10
2120,2144,24
2115,2114,-1
2115,2111,-4
2115,2141,26
2115,2127,12
2115,2203,48
2115,2120,5
2115,2120,5
2115,2114,-1
2115,2110,-5
2115,2118,3
2115,2139,24
2115,2114,-1
2115,2111,-4
2115,2119,4
2115,2130,15
2115,2115,0
2115,2114,-1
2115,2130,15
2115,2117,2
2115,2116,1
2115,2217,62
2115,2114,-1
2115,2128,13
2115,2353,158
2115,2140,25
2115,2119,4
2115,2113,-2
835,844,9
835,826,-9
835,827,-8
835,829,-6
835,826,-9
835,829,-6
835,829,-6
835,1035,120
835,827,-8
835,823,-12
835,824,-11
835,1210,215
835,826,-9
835,826,-9
835,831,-4
835,826,-9
835,829,-6
835,834,-1
835,828,-7
835,841,6
835,1212,217
835,830,-5
835,1206,211
835,828,-7
835,900,25
835,829,-6
930,928,-2
930,929,-1
930,927,-3
930,927,-3
930,924,-6
930,927,-3
930,926,-4
930,937,7
930,939,9
930,923,-7
930,925,-5
930,1004,34
930,925,-5
930,952,22
930,928,-2
930,932,2
930,925,-5
930,926,-4
930,921,-9
930,928,-2
930,928,-2
930,1245,195
930,926,-4
930,927,-3
930,926,-4
930,932,2
930,926,-4
930,925,-5
930,1039,69
930,925,-5
930,928,-2
1510,1521,11
1510,1508,-2
1510,1502,-8
1515,1558,43
1515,1506,-9
1515,1638,83
1515,1509,-6
1515,1511,-4
1515,1603,48
1515,1511,-4
1515,1511,-4
1515,1619,64
1515,1558,43
1515,1548,33
1515,1528,13
1515,1522,7
1515,1509,-6
1515,1521,6
1515,1520,5
1515,1553,38
1515,1517,2
1515,1511,-4
1515,1523,8
1515,1621,66
1515,1622,67
1515,1722,127
1515,1648,93
1515,1740,145
1515,1607,52
600,834,154
600,558,-2
600,551,-9
600,555,-5
600,556,-4
600,555,-5
600,552,-8
600,550,-10
600,555,-5
600,551,-9
600,601,1
600,552,-8
600,554,-6
600,553,-7
600,549,-11
600,556,-4
600,556,-4
600,553,-7
600,554,-6
600,549,-11
600,555,-5
600,558,-2
600,559,-1
600,552,-8
600,552,-8
600,553,-7
600,554,-6
600,556,-4
600,557,-3
600,557,-3
600,557,-3
1350,1344,-6
1355,1454,59
1355,1351,-4
1350,1348,-2
1350,1346,-4
1350,1429,39
1350,1354,4
1350,1410,20
1351,1355,4
1350,1345,-5
1350,1353,3
1350,1359,9
1350,1347,-3
1350,1419,29
1350,1351,1
1351,1407,16
1350,1350,0
1350,1347,-3
1350,1350,0
1350,1355,5
1350,1346,-4
1350,1353,3
1351,1346,-5
1350,1352,2
1350,1347,-3
1350,1407,17
1350,1344,-6
1350,1347,-3
1350,1830,280
1351,1357,6
1350,1350,0
600,556,-4
600,556,-4
600,556,-4
600,558,-2
600,612,12
600,555,-5
600,558,-2
600,554,-6
600,557,-3
600,558,-2
600,555,-5
600,556,-4
600,555,-5
600,554,-6
600,610,10
600,557,-3
600,559,-1
600,555,-5
600,558,-2
600,627,27
600,606,6
600,558,-2
600,606,6
600,611,11
600,557,-3
1000,1359,239
1000,959,-1
1000,954,-6
1000,1034,34
1000,1011,11
1000,1111,71
1000,1131,91
1000,1002,2
1000,956,-4
1000,1000,0
1000,958,-2
1000,1024,24
1000,952,-8
1000,1008,8
1000,1010,10
1000,1018,18
1000,954,-6
1000,1002,2
1000,1003,3
1000,955,-5
1000,1044,44
1000,1004,4
1000,958,-2
1000,1239,159
1000,1007,7
1000,1010,10
1030,1110,40
1030,1033,3
1030,1030,0
1030,1119,49
1030,1024,-6
1030,1027,-3
1030,1051,21
1030,1043,13
1030,1032,2
1030,1029,-1
1030,1023,-7
1030,1041,11
1030,1024,-6
1030,1035,5
1030,1104,34
1030,1031,1
1030,1024,-6
1030,1045,15
1030,1028,-2
1030,1028,-2
1030,1207,97
1030,1026,-4
1030,1027,-3
1030,1139,69
1030,1037,7
1030,1024,-6
1030,1024,-6
1030,1028,-2
1030,1032,2
1030,1036,6
1030,1243,133
610,606,-4
610,603,-7
610,607,-3
610,647,37
610,610,0
610,604,-6
610,559,-11
610,602,-8
610,606,-4
610,610,0
610,623,13
610,601,-9
610,604,-6
610,606,-4
610,603,-7
610,604,-6
610,605,-5
610,610,0
610,559,-11
610,605,-5
610,600,-10
610,609,-1
610,604,-6
610,608,-2
610,606,-4
610,605,-5
610,557,-13
610,608,-2
610,614,4
610,603,-7
1030,1034,4
1030,1031,1
1030,1023,-7
1030,1051,21
1030,1106,36
1030,1028,-2
1030,1028,-2
1030,1032,2
1030,1030,0
1030,1031,1
1030,1030,0
1030,1026,-4
1030,1025,-5
1030,1037,7
1030,1259,149
1030,1023,-7
1030,1052,22
1030,1024,-6
1030,1031,1
1030,1032,2
1030,1037,7
1030,1028,-2
1030,1026,-4
1030,1023,-7
1030,1027,-3
1030,1029,-1
1030,1026,-4
1030,1025,-5
1030,1028,-2
1030,1030,0
1030,1058,28
1820,1819,-1
1820,1826,6
1820,1814,-6
1820,1938,78
1820,1818,-2
1820,1826,6
1820,1912,52
1820,1822,2
1820,1906,46
1820,1840,20
1820,1836,16
1820,1813,-7
1820,1929,69
1820,1818,-2
1820,1822,2
1820,1838,18
1820,1818,-2
1820,1943,83
1820,1827,7
1820,1951,91
1820,1900,40
1915,2007,52
1915,1909,-6
1915,1925,10
1915,1924,9
1922,1929,7
1922,1923,1
1922,1918,-4
1922,1920,-2
1922,1917,-5
1922,1917,-5
1922,2111,109
1922,2011,49
1922,1920,-2
1922,2009,47
1922,1940,18
1922,1924,2
1922,1919,-3
1922,1926,4
1922,1945,23
1922,1924,2
1922,2107,105
1922,1924,2
1922,1921,-1
1922,1916,-6
1922,1921,-1
1922,1919,-3
1922,1933,11
1922,1956,34
1922,1941,19
1922,1921,-1
1922,1920,-2
1030,1024,-6
1030,1028,-2
1030,1025,-5
1030,1029,-1
1030,1025,-5
1030,1020,-10
1030,1038,8
1030,1052,22
1030,1057,27
1030,1024,-6
1030,1031,1
1030,1033,3
1030,1026,-4
1030,1026,-4
1030,1026,-4
1030,1058,28
1030,1029,-1
1030,1029,-1
1030,1024,-6
1030,1058,28
1030,1023,-7
1030,1025,-5
1030,1027,-3
1030,1023,-7
1030,1025,-5
1030,1024,-6
1700,1704,4
1700,1656,-4
1700,1654,-6
1700,1657,-3
1700,1654,-6
1700,1651,-9
1700,1701,1
1700,1719,19
1700,1702,2
1700,1704,4
1700,1710,10
1700,1710,10
1700,2004,184
1700,1926,146
1700,1700,0
1700,1755,55
1700,1655,-5
1700,1851,111
1700,1658,-2
1700,1657,-3
1700,1658,-2
1700,1714,14
1700,1824,84
1700,1656,-4
1700,1656,-4
1700,2009,189
1700,1812,72
1700,1703,3
1700,1958,178
1610,1706,56
1610,1605,-5
1610,1658,48
1610,1706,56
1800,2130,210
1800,1831,31
1800,1756,-4
1800,1754,-6
1810,1820,10
1820,1856,36
1820,1826,6
1810,1803,-7
1810,1803,-7
1810,1824,14
1810,1803,-7
1810,1814,4
1820,1824,4
1810,1814,4
1810,1820,10
1810,1819,9
1810,1820,10
1810,1802,-8
1820,1847,27
1810,1802,-8
1810,2102,172
1810,1803,-7
1810,1806,-4
1810,1804,-6
1820,1819,-1
1810,2003,113
1810,1804,-6
1810,1805,-5
1810,1804,-6
1810,1807,-3
1820,1817,-3
1450,1450,0
1450,1514,24
1450,1622,92
1450,1447,-3
1450,1507,17
1450,1711,141
1450,1446,-4
1450,1458,8
1450,1449,-1
1450,1445,-5
1450,1445,-5
1450,1451,1
1450,1449,-1
1450,1448,-2
1450,1559,69
1450,1449,-1
1450,1445,-5
1450,1447,-3
1450,1450,0
1450,1504,14
1450,1452,2
1450,1652,122
1450,1457,7
1450,1458,8
1450,1450,0
1450,1503,13
1450,1503,13
1450,1447,-3
1450,1450,0
1450,1446,-4
1450,1448,-2
2100,122,262
2100,2111,11
2100,2100,0
2100,2106,6
2100,2057,-3
2100,2255,115
2100,2129,29
2100,2057,-3
2100,2100,0
2100,2055,-5
2100,2120,20
2100,2216,76
2100,2130,30
2100,2109,9
2100,2100,0
2100,2100,0
2100,2330,150
2100,2146,46
2100,2100,0
2100,2119,19
2100,2253,113
2100,2116,16
2100,2101,1
2100,2057,-3
2100,2130,30
2100,2200,60
2100,2131,31
2100,2108,8
2100,41,221
1154,1154,0
1150,1147,-3
1150,1149,-1
1153,1153,0
1153,1156,3
1153,1228,35
1153,1150,-3
1153,1155,2
1153,1206,13
1153,1211,18
1153,1149,-4
1153,1145,-8
1153,1156,3
1153,1200,7
1153,1148,-5
1153,1302,69
1153,1153,0
1153,1153,0
1153,1151,-2
1153,1412,139
1153,1150,-3
1153,1154,1
1153,1247,54
1153,1150,-3
1153,1211,18
1153,1147,-6
1153,1153,0
1153,1214,21
1153,1205,12
1153,1329,96
1355,1353,-2
1355,1346,-9
1425,1423,-2
1355,1353,-2
1355,1350,-5
1355,1432,37
1355,1403,8
1355,1351,-4
1355,1351,-4
1425,1419,-6
1355,1349,-6
1355,1347,-8
1355,1352,-3
1355,1357,2
1355,1353,-2
1355,1347,-8
1425,1451,26
1355,1751,236
1355,1351,-4
1355,1349,-6
1355,1350,-5
1355,1353,-2
1355,1355,0
1425,1421,-4
1355,1344,-11
1355,1352,-3
1355,1355,0
1355,1822,267
1355,1430,35
1355,1427,32
1425,1422,-3
800,800,0
800,759,-1
800,829,29
800,800,0
800,837,37
800,755,-5
800,756,-4
800,758,-2
800,807,7
800,830,30
800,811,11
800,757,-3
800,758,-2
800,757,-3
800,802,2
800,800,0
800,800,0
800,807,7
800,816,16
800,757,-3
800,1059,179
800,757,-3
800,759,-1
800,800,0
800,812,12
800,755,-5
800,757,-3
800,758,-2
800,811,11
800,803,3
800,825,25
1645,1725,40
1645,1637,-8
1645,1643,-2
1645,1641,-4
1645,1638,-7
1645,1658,13
1645,1711,26
1645,1705,20
1645,1646,1
1645,1638,-7
1645,1639,-6
1645,1641,-4
1645,1946,181
1645,1640,-5
1645,1639,-6
1645,1641,-4
1645,1645,0
1645,1709,24
1645,1833,108
1645,1639,-6
1645,1704,19
1645,1728,43
1645,1640,-5
1645,1635,-10
1530,1535,5
1530,1526,-4
1530,1519,-11
1530,1628,58
1530,1534,4
1530,1530,0
1530,1547,17
1530,1533,3
1530,1522,-8
1530,1532,2
1530,1527,-3
1530,1537,7
1530,1530,0
1530,1627,57
1530,1609,39
1530,1529,-1
1530,1722,112
1530,1529,-1
1530,1535,5
1530,1638,68
1530,1601,31
1530,1529,-1
1530,1704,94
1530,1532,2
1530,1528,-2
1530,1602,32
1530,1613,43
1530,1609,39
1530,1604,34
1530,1541,11
1530,1817,167
1040,1040,0
1040,1044,4
1040,1040,0
1040,1041,1
1040,1039,-1
1040,1033,-7
1040,1043,3
1040,1043,3
1040,1135,55
1040,1109,29
1040,1141,61
1040,1051,11
1040,1038,-2
1040,1050,10
1040,1040,0
1040,1037,-3
1040,1037,-3
1040,1309,149
1040,1117,37
1040,1054,14
2200,2200,0
2145,2138,-7
2145,2142,-3
2145,2137,-8
2145,2357,132
2145,2216,31
2200,2224,24
2145,2140,-5
2145,2138,-7
2145,2137,-8
2145,2140,-5
2145,2157,12
2200,2154,-6
2145,2249,64
2145,2142,-3
2145,2142,-3
2145,2139,-6
2145,2138,-7
2200,2157,-3
2145,2140,-5
2145,2141,-4
2145,2248,63
2145,2151,6
2145,2239,54
2200,2153,-7
850,844,-6
850,848,-2
850,849,-1
850,943,53
850,902,12
850,843,-7
850,842,-8
850,847,-3
850,847,-3
850,856,6
850,908,18
850,848,-2
850,843,-7
850,844,-6
850,1024,94
850,1011,81
850,849,-1
850,902,12
850,849,-1
850,851,1
850,845,-5
850,846,-4
850,852,2
850,846,-4
850,847,-3
850,853,3
850,845,-5
850,1044,114
850,915,25
850,851,1
850,849,-1
1340,1349,9
1340,1342,2
1340,1338,-2
1340,1338,-2
1340,1356,16
1340,1340,0
1340,1336,-4
1340,1334,-6
1340,1340,0
1340,1406,26
1340,1352,12
1340,1332,-8
1340,1704,204
1340,1341,1
1340,1336,-4
1340,1359,19
1340,1336,-4
1340,1353,13
1340,1340,0
1340,1339,-1
1340,1410,30
1340,1339,-1
1340,1332,-8
1340,1333,-7
1340,932,1192
1340,1338,-2
1340,1359,19
1340,1931,351
1340,1431,51
1459,1459,0
1459,1509,10
1459,1457,-2
1459,1451,-8
1459,1456,-3
1459,1508,9
1459,1452,-7
1459,1456,-3
1459,1504,5
1459,1452,-7
1459,1501,2
1459,1456,-3
1459,1509,10
1459,1459,0
1459,1455,-4
1459,1457,-2
1459,1509,10
1459,1459,0
1459,1456,-3
1459,1452,-7
1459,1454,-5
1459,1515,16
1459,1507,8
1459,1454,-5
1459,1454,-5
1459,1458,-1
1459,1454,-5
1459,1457,-2
1459,1507,8
1459,1946,287
1459,1501,2
1740,1754,14
1745,1741,-4
1740,1739,-1
1740,1734,-6
1740,1735,-5
1740,1843,63
1740,1811,31
1740,1812,32
1740,1738,-2
1740,1739,-1
1740,1946,126
1740,1845,65
1740,1847,67
1740,1742,2
1740,1735,-5
1740,1748,8
1740,1737,-3
1740,1738,-2
1740,1842,62
1740,1853,73
1740,1748,8
1740,1932,112
1740,1905,85
600,553,-7
600,552,-8
614,608,-6
600,552,-8
600,557,-3
600,634,34
600,549,-11
600,556,-4
600,556,-4
605,602,-3
600,555,-5
600,558,-2
600,557,-3
600,558,-2
600,559,-1
605,601,-4
600,557,-3
600,559,-1
600,557,-3
600,559,-1
600,559,-1
600,558,-2
605,605,0
600,557,-3
600,558,-2
600,557,-3
600,558,-2
600,559,-1
600,555,-5
605,558,-7
945,941,-4
946,955,9
946,941,-5
946,940,-6
946,947,1
946,946,0
946,949,3
946,941,-5
946,939,-7
946,943,-3
946,943,-3
946,942,-4
946,943,-3
946,941,-5
946,1010,24
946,942,-4
946,937,-9
946,943,-3
946,942,-4
946,944,-2
946,947,1
946,945,-1
946,949,3
946,939,-7
946,942,-4
946,942,-4
946,949,3
946,940,-6
946,940,-6
946,943,-3
946,944,-2
1800,2248,288
1800,1808,8
1800,1800,0
1800,1805,5
1740,1813,33
1740,1814,34
1740,1737,-3
1740,1729,-11
1740,1743,3
1740,1734,-6
1740,1736,-4
1740,1746,6
1740,1744,4
1740,1740,0
1740,1743,3
1740,1733,-7
1740,1738,-2
1740,1738,-2
1740,1735,-5
1740,1736,-4
1740,1837,57
1740,1735,-5
1740,1758,18
1740,1741,1
1740,1855,75
1740,1755,15
1740,1735,-5
1740,1744,4
1740,1738,-2
1740,1841,61
1740,1739,-1
2005,2329,204
2005,2004,-1
2005,2120,75
2005,2020,15
2005,2051,46
2005,2003,-2
2005,2046,41
2005,2034,29
2005,2014,9
2005,2140,95
2005,2030,25
2005,2106,61
2005,2049,44
2005,2003,-2
2005,2022,17
2005,2033,28
2005,2002,-3
2005,2002,-3
2005,2139,94
2005,2222,137
2005,2045,40
2005,2004,-1
2005,2236,151
2005,2030,25
2005,2136,91
659,659,0
715,709,-6
715,817,62
715,707,-8
715,709,-6
715,751,36
715,713,-2
715,707,-8
715,710,-5
715,709,-6
715,712,-3
715,707,-8
715,724,9
715,713,-2
715,711,-4
715,711,-4
715,711,-4
715,712,-3
715,720,5
715,711,-4
715,742,27
715,715,0
715,707,-8
715,710,-5
715,712,-3
715,716,1
715,712,-3
715,710,-5
715,713,-2
715,713,-2
600,557,-3
600,558,-2
600,620,20
600,554,-6
600,557,-3
600,553,-7
600,555,-5
600,554,-6
600,555,-5
600,554,-6
600,552,-8
600,558,-2
600,552,-8
600,604,4
600,554,-6
600,554,-6
600,554,-6
600,554,-6
600,555,-5
600,750,110
600,559,-1
600,554,-6
600,634,34
600,559,-1
600,553,-7
600,601,1
600,556,-4
600,600,0
600,619,19
2000,2332,212
2000,1958,-2
2000,1955,-5
2000,1955,-5
2000,1953,-7
2000,2042,42
2000,2100,60
2000,1959,-1
2000,1955,-5
2000,1954,-6
2000,1954,-6
2000,1957,-3
2000,2000,0
2000,2226,146
2000,2017,17
2000,1959,-1
2000,2037,37
2000,2002,2
2000,1955,-5
2000,2210,130
2000,2002,2
2000,2001,1
2000,2000,0
2000,2146,106
2000,2013,13
2000,2006,6
2000,2108,68
2000,2005,5
2000,2247,167
2000,1956,-4
1040,1048,8
1040,1050,10
1040,1040,0
1040,1059,19
1045,1244,119
1045,1041,-4
1045,1043,-2
1045,1042,-3
1045,1044,-1
1045,1041,-4
1045,1039,-6
1045,1109,24
1045,1039,-6
1045,1222,97
1045,1250,125
1045,1041,-4
1045,1045,0
1045,1039,-6
1045,1045,0
1045,1043,-2
1045,1058,13
1045,1051,6
1045,1046,1
1045,1043,-2
1045,1227,102
1045,1042,-3
1045,1039,-6
1045,1104,19
1045,1039,-6
1045,1055,10
1045,1037,-8
1910,2039,89
1910,1908,-2
1910,1906,-4
1910,1941,31
1910,2018,68
1910,1955,45
1910,2207,177
1910,2000,50
1910,1905,-5
1910,2000,50
1910,2055,105
1910,1935,25
1910,1901,-9
1910,1904,-6
1910,1947,37
1910,2113,123
1910,1904,-6
1910,1911,1
1910,2059,109
1910,1929,19
1910,2354,284
1910,2017,67
1910,2013,63
1910,1913,3
1910,1923,13
1910,2050,100
1910,1943,33
1910,1941,31
1409,1427,18
1409,1424,15
1409,1404,-5
1409,1407,-2
1409,1513,64
1409,1409,0
1409,1405,-4
1409,1617,128
1409,1417,8
1409,1657,168
1409,1429,20
1409,1408,-1
1409,1404,-5
1409,1405,-4
1409,1447,38
1409,1408,-1
1409,1451,42
1409,1407,-2
1409,1402,-7
1409,1641,152
1409,1425,16
1409,1425,16
1409,1405,-4
1409,1439,30
1409,1407,-2
1409,1406,-3
1409,1405,-4
1409,1445,36
1409,1432,23
1409,1405,-4
1409,1411,2
700,719,19
1100,1053,-7
2020,2037,17
1100,1326,146
1100,1140,40
1100,1137,37
1100,1100,0
1100,1105,5
1100,1106,6
2020,2045,25
1100,1115,15
1100,1056,-4
1100,1107,7
1100,1058,-2
1100,1057,-3
1100,1421,201
2020,2014,-6
1100,1057,-3
1100,1101,1
1100,1057,-3
1100,1057,-3
1100,1058,-2
1100,1057,-3
2020,2013,-7
1100,1103,3
1100,1051,-9
1100,1059,-1
1100,1055,-5
1100,1100,0
1100,1206,66
1100,1151,51
1530,1529,-1
1530,1850,200
1530,1600,30
1530,1552,22
1530,1540,10
1530,1529,-1
1530,1533,3
1530,1549,19
1530,1524,-6
1530,1121,1191
1530,1556,26
1530,1521,-9
1530,1850,200
1530,1524,-6
1530,1524,-6
1530,1523,-7
1530,1527,-3
1530,1533,3
1530,1530,0
1530,1528,-2
1530,1532,2
1530,1530,0
1530,1547,17
1530,1536,6
1530,1620,50
1530,1628,58
1830,1849,19
1830,1828,-2
1830,1828,-2
1820,1831,11
1820,1829,9
1820,1842,22
1820,1850,30
1820,1827,7
1820,1835,15
1820,1844,24
1820,1822,2
1820,2030,130
1820,1858,38
1820,1817,-3
1820,1948,88
1820,1846,26
1820,2049,149
1820,1826,6
1820,1853,33
1820,1826,6
1820,2043,143
1820,1826,6
1820,1846,26
1820,1820,0
1820,1818,-2
1820,2025,125
1820,1827,7
1820,1853,33
1820,1827,7
1611,1618,7
1600,1557,-3
1611,1611,0
1610,1617,7
1610,1606,-4
1610,1845,155
1610,1611,1
1600,1835,155
1610,1621,11
1610,1607,-3
1610,1937,207
1610,1630,20
1610,1611,1
1600,1657,57
1610,1639,29
1610,1611,1
1610,1645,35
1610,1649,39
1610,1615,5
1600,1630,30
1610,1611,1
1610,1842,152
1610,1616,6
1610,1823,133
1610,1849,159
1600,1555,-5
1356,1409,13
1345,1338,-7
1356,1352,-4
1355,1350,-5
1355,1351,-4
1355,1357,2
1355,1350,-5
1345,1628,163
1355,1400,5
1355,1359,4
1355,1350,-5
1355,1413,18
1355,1406,11
1345,1455,70
1355,1432,37
1355,1357,2
1355,1351,-4
1355,1413,18
1355,1351,-4
1345,1338,-7
1355,1351,-4
1355,1639,164
1355,1353,-2
1355,1442,47
1355,1440,45
1345,1350,5
1045,1051,6
1040,1036,-4
1040,1052,12
1040,1056,16
1040,1119,39
1040,1201,81
1040,1045,5
1040,1039,-1
1040,1035,-5
1050,1044,-6
1040,1040,0
1040,1035,-5
1040,1044,4
1040,1108,28
1040,1228,108
1040,1035,-5
1050,1044,-6
1040,1038,-2
1040,1116,36
1040,1038,-2
1040,1038,-2
1040,1043,3
1040,1031,-9
1050,1046,-4
1040,1042,2
1040,1037,-3
1040,1040,0
1040,1045,5
1040,1034,-6
1040,1051,11
1050,1047,-3
1646,1918,152
1646,1649,3
1646,1636,-10
1646,1642,-4
1646,1741,55
1646,1711,25
1646,1703,17
1646,1643,-3
1646,1638,-8
1646,1649,3
1646,1648,2
1646,1638,-8
1646,1638,-8
1646,1709,23
1646,1739,53
1646,1702,16
1646,1646,0
1646,1641,-5
1646,1636,-10
1646,1639,-7
1646,1755,69
1646,1641,-5
1646,1639,-7
1646,1754,68
1646,1804,78
1646,1737,51
1646,1918,152
1646,1702,16
1646,1659,13
1646,1819,93
1230,1403,93
1230,1230,0
1230,1231,1
1230,1224,-6
1230,1235,5
1230,1233,3
1230,1222,-8
1230,1223,-7
1230,1235,5
1230,1351,81
1230,1227,-3
1230,1245,15
1230,1342,72
1230,1228,-2
1230,1228,-2
1230,1228,-2
1230,1238,8
1230,1239,9
1230,1232,2
1230,1236,6
1230,1227,-3
1230,1224,-6
1230,1241,11
1230,1225,-5
1230,1353,83
1230,1227,-3
1230,1315,45
1230,1308,38
1230,1230,0
1230,1230,0
1230,1231,1
1514,1511,-3
1524,1616,52
1514,1507,-7
1514,1612,58
1514,1613,59
1514,1522,8
1514,1706,112
1514,1505,-9
1524,1605,41
1514,1514,0
1514,1529,15
1514,1512,-2
1514,1518,4
1514,1511,-3
1524,1539,15
1514,1511,-3
1514,1520,6
1514,1550,36
1514,1514,0
1514,1513,-1
1524,1540,16
1514,1512,-2
1514,1547,33
1514,1516,2
1514,1519,5
1514,2002,288
1514,1622,68
1524,1611,47
1514,1514,0
1700,1718,18
1732,1803,31
1700,1648,-12
1700,1700,0
1700,1700,0
1700,1737,37
1700,1700,0
1700,1658,-2
1732,1731,-1
1700,1654,-6
1700,706,846
1700,1723,23
1700,1717,17
1700,1717,17
1700,1751,51
1732,1727,-5
1700,1815,75
1700,1803,63
1700,1651,-9
1700,1716,16
1700,1737,37
1700,1709,9
1732,1736,4
1700,1842,102
1700,1834,94
1700,1712,12
1700,1731,31
1732,1833,61
1700,1714,14
1850,1844,-6
1850,1846,-4
1850,1937,47
1850,2130,160
1850,1858,8
1850,2007,77
1850,1908,18
1850,1850,0
1850,1844,-6
1850,1937,47
1850,1844,-6
1850,1914,24
1850,1922,32
1850,1849,-1
1850,1910,20
1850,1851,1
1850,1955,65
1850,2014,84
1850,1852,2
1850,2101,131
1850,1904,14
1850,1957,67
1850,1956,66
1850,2150,180
1850,2222,212
1850,1905,15
1610,1644,34
1610,1706,56
1610,1619,9
1610,1604,-6
1605,1614,9
1605,1604,-1
1605,1612,7
1605,1600,-5
1605,1605,0
1605,1614,9
1605,1611,6
1605,1916,191
1605,1653,48
1605,1559,-6
1605,1602,-3
1605,1559,-6
1605,1623,18
1605,1604,-1
1605,1627,22
1605,1618,13
1605,2016,251
1605,1630,25
1605,1627,22
1605,1559,-6
1605,1601,-4
1605,1619,14
1605,1602,-3
1605,1606,1
1605,1736,91
1605,1603,-2
1605,1823,138
1050,1059,9
1050,1050,0
1050,1048,-2
1050,1104,14
1050,1212,82
1050,1041,-9
1050,1045,-5
1050,1112,22
1050,1101,11
1050,1223,93
1050,1120,30
1050,1047,-3
1050,1052,2
1050,1101,11
1050,1046,-4
1050,1051,1
1050,1151,61
1050,1107,17
1050,1153,63
1050,1158,68
1050,1053,3
1050,1113,23
1050,1049,-1
1050,1124,34
1050,1147,57
1050,1058,8
1050,1106,16
1050,1050,0
1050,1052,2
1050,1116,26
1050,1110,20
2035,2239,124
2035,2240,125
2035,2134,59
2035,2030,-5
2035,2219,104
2035,2030,-5
2035,2030,-5
2035,2036,1
2035,2226,111
2045,2042,-3
2035,2032,-3
2035,2032,-3
2035,2100,25
2035,2227,112
2035,2045,10
2035,2033,-2
2045,2045,0
2035,2147,72
2035,2032,-3
2035,2034,-1
2035,2037,2
2035,2037,2
2035,2038,3
2045,2054,9
2035,2040,5
2035,2201,86
2035,2323,168
2035,2058,23
2035,2109,34
2035,2056,21
2045,1115,870
945,943,-2
945,942,-3
945,943,-2
945,941,-4
945,941,-4
945,943,-2
945,939,-6
945,943,-2
945,940,-5
945,945,0
945,939,-6
945,941,-4
945,946,1
945,942,-3
945,944,-1
945,950,5
945,940,-5
945,938,-7
945,938,-7
945,943,-2
945,941,-4
945,943,-2
945,939,-6
945,942,-3
945,941,-4
945,942,-3
945,1016,31
945,944,-1
945,940,-5
945,942,-3
945,1004,19
1540,1558,18
1540,1539,-1
1540,1601,21
1540,1541,1
1540,1537,-3
1540,1609,29
1540,1542,2
1540,1542,2
1540,1539,-1
1540,1625,45
1540,1550,10
1540,1537,-3
1540,1537,-3
1540,1559,19
1540,1549,9
1540,1633,53
1540,1544,4
1540,1606,26
1540,1538,-2
1540,1807,147
1540,1636,56
1540,1536,-4
1540,1539,-1
1540,1545,5
1540,1837,177
1540,1554,14
1540,1540,0
1540,1545,5
1540,1738,118
1540,1719,99
715,707,-8
715,707,-8
715,709,-6
715,706,-9
715,715,0
715,712,-3
715,704,-11
715,711,-4
715,711,-4
715,706,-9
715,711,-4
715,712,-3
715,711,-4
715,708,-7
715,710,-5
715,706,-9
715,707,-8
715,708,-7
715,715,0
715,708,-7
715,704,-11
715,710,-5
715,708,-7
715,707,-8
715,710,-5
715,731,16
715,710,-5
715,707,-8
1700,1748,48
1700,1750,50
1700,1702,2
1700,1655,-5
1700,1651,-9
1700,1659,-1
1700,1920,140
1700,1721,21
1700,1653,-7
1700,1655,-5
1700,1654,-6
1700,1657,-3
1700,1654,-6
1700,1739,39
1700,1800,60
1700,1654,-6
1700,1658,-2
1700,1702,2
1700,1657,-3
1700,1708,8
1700,1701,1
1700,1659,-1
1700,1656,-4
1700,2043,223
1700,1655,-5
1700,1801,61
1700,1704,4
1700,1753,53
1700,1716,16
1700,1658,-2
1100,1124,24
1100,1059,-1
1100,1117,17
1100,1107,7
1100,1128,28
1100,1102,2
1100,1059,-1
1100,1100,0
1100,1104,4
1100,1109,9
1100,1100,0
1100,1114,14
1100,1100,0
1100,1104,4
1100,1100,0
1100,1101,1
1100,1103,3
1100,1100,0
1100,1101,1
1100,1058,-2
1100,1056,-4
1100,1117,17
1100,1102,2
1100,1145,45
1100,1111,11
1100,1058,-2
1100,1211,71
1100,1059,-1
1100,1110,10
1100,1102,2
1100,1214,74
827,823,-4
827,825,-2
827,828,1
827,826,-1
827,903,36
827,843,16
827,823,-4
827,826,-1
827,822,-5
827,824,-3
827,826,-1
827,828,1
827,823,-4
827,826,-1
827,824,-3
827,823,-4
827,818,-9
827,844,17
827,829,2
827,845,18
827,824,-3
827,835,8
827,824,-3
827,858,31
827,825,-2
827,828,1
827,844,17
827,824,-3
827,831,4
827,839,12
827,824,-3
1635,1715,40
1645,1852,127
1645,1642,-3
1645,1700,15
1645,1641,-4
1645,1647,2
1645,1840,115
1645,1640,-5
1645,1934,169
1645,1644,-1
1645,1650,5
1645,1644,-1
1645,1643,-2
1645,1643,-2
1645,1846,121
1645,1655,10
1645,1703,18
1645,1644,-1
1645,1717,32
1645,1641,-4
1645,1729,44
1645,1847,122
1645,1733,48
1645,1657,12
1645,1641,-4
1645,1717,32
1645,1830,105
1645,1659,14
1645,1948,183
1645,1727,42
1645,1805,80
940,1001,21
940,956,16
940,948,8
940,941,1
940,946,6
940,938,-2
940,1004,24
940,957,17
940,937,-3
940,1008,28
940,1020,40
940,937,-3
940,1009,29
940,953,13
940,953,13
940,944,4
940,939,-1
940,936,-4
940,947,7
940,944,4
940,947,7
940,1011,31
940,935,-5
940,934,-6
940,1021,41
940,953,13
940,935,-5
940,938,-2
940,940,0
940,934,-6
940,939,-1
1908,1931,23
1908,1858,-10
1908,1903,-5
1908,1912,4
1908,1915,7
1908,1907,-1
1908,1916,8
1908,1903,-5
1908,1906,-2
1908,1900,-8
1908,1909,1
1908,2023,75
1908,2001,53
1908,1911,3
1908,1906,-2
1908,1907,-1
1908,1903,-5
1908,2105,117
1908,1923,15
1908,1906,-2
1908,1927,19
1908,1907,-1
600,552,-8
559,552,-7
559,556,-3
559,554,-5
559,550,-9
559,559,0
600,552,-8
600,554,-6
559,553,-6
559,555,-4
559,612,13
559,555,-4
559,557,-2
600,606,6
600,629,29
629,628,-1
645,802,77
645,641,-4
645,641,-4
645,640,-5
645,638,-7
645,642,-3
645,640,-5
645,642,-3
645,636,-9
645,643,-2
645,736,51
645,635,-10
645,640,-5
645,640,-5
645,639,-6
645,637,-8
645,639,-6
645,640,-5
645,643,-2
645,639,-6
645,642,-3
645,638,-7
645,958,193
720,718,-2
720,718,-2
710,710,0
710,702,-8
710,707,-3
710,703,-7
710,708,-2
708,703,-5
710,708,-2
710,707,-3
710,706,-4
710,708,-2
710,724,14
710,717,7
708,702,-6
710,709,-1
710,704,-6
710,718,8
710,705,-5
710,740,30
710,709,-1
708,703,-5
710,757,47
710,704,-6
710,704,-6
710,726,16
710,804,54
710,840,90
2205,2258,53
2205,2200,-5
2205,2204,-1
2205,2203,-2
2205,2201,-4
2205,2255,50
2205,9,124
2205,2201,-4
2205,2200,-5
2205,2201,-4
2205,2241,36
2205,2344,99
2205,2204,-1
2205,2201,-4
2205,2221,16
2205,2203,-2
2205,2212,7
2205,2230,25
2205,2207,2
2205,2205,0
2205,2222,17
2205,2319,74
2205,2400,115
2205,32,147
2205,2243,38
2205,2327,82
2205,2358,113
535,653,78
535,538,3
535,520,-15
535,518,-17
535,537,2
535,533,-2
535,538,3
535,530,-5
535,528,-7
535,531,-4
535,525,-10
535,531,-4
535,528,-7
535,533,-2
535,633,58
535,720,105
535,532,-3
535,539,4
535,530,-5
535,524,-11
535,704,89
535,534,-1
535,534,-1
535,533,-2
535,531,-4
535,533,-2
535,543,8
535,527,-8
535,537,2
535,543,8
535,551,16
2149,2156,7
2149,2153,4
2149,2141,-8
2140,2332,112
2140,2134,-6
2140,2157,17
2140,2132,-8
2140,2222,42
2140,2136,-4
2140,2134,-6
2140,2138,-2
2140,2329,109
2140,2140,0
2140,2158,18
2140,2139,-1
2140,2134,-6
2140,28,168
2140,2132,-8
2140,2134,-6
2140,2144,4
2140,2210,30
2140,2136,-4
2140,2152,12
2140,2133,-7
2140,2133,-7
2140,3,143
2140,2317,97
2140,2137,-3
2140,2137,-3
1945,1945,0
1945,2027,42
1945,1940,-5
1945,1955,10
1945,2332,227
1234,1338,64
1234,1308,34
1234,1228,-6
1234,1327,53
1240,1239,-1
1240,1235,-5
1240,1243,3
1240,1237,-3
1240,1234,-6
1240,1310,30
1240,1238,-2
1240,1236,-4
1240,1233,-7
1240,1312,32
1240,1349,69
1240,1302,22
1240,1234,-6
1240,1235,-5
1240,1235,-5
1240,1250,10
1240,1302,22
1240,1234,-6
1240,1237,-3
1240,1234,-6
1240,1236,-4
1240,1237,-3
1240,1235,-5
1240,1235,-5
1240,1432,112
1240,1300,20
40,34,-6
640,635,-5
640,639,-1
640,710,30
640,635,-5
640,639,-1
640,641,1
640,637,-3
640,642,2
640,638,-2
640,645,5
640,638,-2
640,638,-2
640,640,0
640,646,6
640,642,2
640,639,-1
640,636,-4
640,639,-1
640,639,-1
640,635,-5
640,634,-6
640,636,-4
640,637,-3
640,636,-4
640,638,-2
640,842,122
640,637,-3
640,641,1
640,640,0
640,640,0
640,638,-2
1027,1021,-6
1027,1307,160
1027,1027,0
1025,1020,-5
1025,1022,-3
1025,1019,-6
1025,1024,-1
1025,1021,-4
1025,1024,-1
1025,1024,-1
1025,1023,-2
1025,1023,-2
1025,1020,-5
1025,1025,0
1025,1025,0
1025,1018,-7
1025,1019,-6
1025,1020,-5
1025,1022,-3
1025,1022,-3
1025,1023,-2
1025,1218,113
1025,1024,-1
1025,1021,-4
1025,1024,-1
1025,1020,-5
1025,1028,3
1025,1023,-2
1025,1023,-2
1025,1027,2
1055,1051,-4
1055,1048,-7
1055,1050,-5
1055,1145,50
1055,1058,3
1055,1051,-4
1055,1118,23
1055,1047,-8
1055,1050,-5
1055,1400,185
1055,1048,-7
1055,1052,-3
1055,1048,-7
1055,1219,84
1055,1300,125
1055,1051,-4
1055,1050,-5
1055,1047,-8
1055,1051,-4
1055,1049,-6
1055,1050,-5
1055,1048,-7
1055,1140,45
1055,1051,-4
1055,1052,-3
1055,1049,-6
1055,1117,22
1055,1049,-6
1055,1055,0
1055,1143,48
1629,2157,328
1629,1627,-2
1629,1650,21
1629,1712,43
1629,1647,18
1629,1709,40
1629,1627,-2
1629,1628,-1
1629,1640,11
1629,1635,6
1629,1623,-6
1629,1628,-1
1629,1646,17
1629,1637,8
1629,1626,-3
1629,1628,-1
1629,1722,53
1629,1701,32
1629,1630,1
1629,1905,156
1629,1625,-4
1629,1744,75
1629,1711,42
1629,1651,22
1629,1632,3
2015,2014,-1
2015,2012,-3
2015,2008,-7
2010,2017,7
2010,2003,-7
2010,2021,11
2010,21,251
2010,2010,0
2010,2003,-7
2010,2002,-8
2010,2003,-7
2010,2008,-2
2010,2006,-4
2010,2025,15
2010,2059,49
2010,2003,-7
2010,2217,127
2010,2006,-4
2010,2006,-4
2010,2042,32
2010,2042,32
2010,2003,-7
2010,2004,-6
2010,2008,-2
2010,2112,62
2010,8,238
2010,2300,170
2010,2012,2
710,703,-7
710,909,119
715,706,-9
715,714,-1
715,708,-7
715,744,29
715,713,-2
715,710,-5
715,707,-8
715,709,-6
715,716,1
715,714,-1
1859,1929,30
1859,1907,8
1859,1859,0
1859,1913,14
1859,1915,16
1859,1856,-3
1859,1934,35
1859,2024,85
1859,1948,49
1859,1935,36
1859,1855,-4
1859,1901,2
1859,1854,-5
1859,2013,74
1859,2146,167
1859,1856,-3
1859,1913,14
1859,1859,0
1859,2014,75
1859,1904,5
1859,1859,0
1859,1901,2
1859,1858,-1
1859,1857,-2
1859,1950,51
1859,1914,15
1859,1915,16
1859,1902,3
1859,2009,70
1859,1951,52
1859,1859,0
600,553,-7
600,556,-4
600,555,-5
600,559,-1
600,555,-5
600,555,-5
600,559,-1
600,552,-8
600,553,-7
600,556,-4
600,556,-4
600,559,-1
600,554,-6
600,557,-3
600,556,-4
600,554,-6
600,556,-4
600,555,-5
600,557,-3
600,551,-9
600,557,-3
600,559,-1
600,600,0
600,600,0
600,604,4
600,601,1
600,554,-6
600,558,-2
600,557,-3
600,559,-1
600,601,1
815,846,31
815,809,-6
815,810,-5
815,811,-4
815,1011,116
815,813,-2
815,821,6
815,900,45
815,841,26
815,815,0
815,816,1
815,811,-4
815,814,-1
815,830,15
815,1309,294
815,810,-5
815,1033,138
815,810,-5
815,822,7
815,811,-4
815,845,30
815,811,-4
815,809,-6
815,811,-4
815,945,90